date,Usage_kWh,Lagging_Current_Reactive.Power_kVarh,Leading_Current_Reactive_Power_kVarh,CO2(tCO2),Lagging_Current_Power_Factor,Leading_Current_Power_Factor,NSM
2018-01-01,3.6652083333333336,1.735625,9.885,0.0,85.299375,57.076145833333335,42750.0
2018-01-02,63.694375,29.284791666666667,1.1238541666666666,0.028333333333333335,86.51364583333333,97.88708333333334,42750.0
2018-01-03,17.442083333333333,5.274895833333333,6.329583333333333,0.007083333333333334,84.14572916666667,82.8015625,42750.0
2018-01-04,3.0189583333333334,1.7376041666666666,9.319479166666666,0.0,81.75166666666667,55.54572916666667,42750.0
2018-01-05,3.1109375,1.9497916666666668,9.0878125,0.0,80.50104166666667,56.29916666666667,42750.0
2018-01-06,21.355,11.579895833333333,4.704583333333333,0.008958333333333334,75.7734375,83.80875,42750.0
2018-01-07,2.9982291666666665,1.6908333333333332,9.368020833333334,0.0,82.60083333333334,54.99239583333334,42750.0
2018-01-08,2.791770833333333,2.017916666666667,9.004375000000001,0.0,78.70447916666667,54.615520833333335,42750.0
2018-01-09,14.466354166666667,5.5129166666666665,2.3632291666666667,0.005208333333333333,76.75,88.38833333333334,42750.0
2018-01-10,22.916770833333334,13.668541666666668,1.6461458333333334,0.009583333333333334,72.18760416666667,93.55958333333332,42750.0
2018-01-11,29.865416666666665,16.52208333333333,3.5354166666666664,0.012604166666666666,78.31958333333334,85.1440625,42750.0
2018-01-12,8.391354166666666,1.3234375,8.290000000000001,0.001875,91.08625,71.129375,42750.0
2018-01-13,32.034375000000004,12.043437500000001,6.348541666666667,0.013125,88.02291666666667,80.430625,42750.0
2018-01-14,10.208333333333334,2.6445833333333333,9.421770833333333,0.0030208333333333333,87.68385416666666,73.06916666666667,42750.0
2018-01-15,41.339999999999996,21.361979166666668,2.363958333333333,0.018125,83.608125,93.77291666666667,42750.0
2018-01-16,42.549166666666665,22.2309375,2.357604166666667,0.018645833333333334,80.88208333333334,93.72520833333334,42750.0
2018-01-17,35.81489583333333,14.3415625,1.4504166666666667,0.016354166666666666,85.9421875,97.46791666666667,42750.0
2018-01-18,76.6025,36.3565625,1.09375,0.035625,87.93624999999999,97.65468750000001,42750.0
2018-01-19,74.74062500000001,33.27229166666667,1.2544791666666668,0.034374999999999996,90.04124999999999,97.09052083333334,42750.0
2018-01-20,52.22479166666667,19.66625,2.1901041666666665,0.024270833333333335,92.8384375,96.60583333333334,42750.0
2018-01-21,12.393749999999999,7.600520833333333,12.920520833333333,0.004479166666666667,88.85416666666667,56.829791666666665,42750.0
2018-01-22,41.85541666666666,20.9128125,1.3642708333333333,0.018958333333333334,85.33479166666666,97.27270833333334,42750.0
2018-01-23,54.34166666666667,27.940833333333334,1.24,0.025416666666666667,87.48291666666667,97.84364583333333,42750.0
2018-01-24,50.72291666666666,24.448645833333334,2.0900000000000003,0.0234375,88.93510416666668,97.10718750000001,42750.0
2018-01-25,51.94833333333333,25.101979166666666,1.3364583333333335,0.024895833333333336,88.54666666666667,97.34364583333333,42750.0
2018-01-26,73.6384375,31.668125,1.065625,0.034479166666666665,88.6334375,97.7415625,42750.0
2018-01-27,17.3146875,5.034583333333333,7.9803125,0.0065625,90.81614583333334,78.31416666666667,42750.0
2018-01-28,12.4359375,2.8884375,7.6603125,0.0033333333333333335,85.46791666666667,80.12385416666667,42750.0
2018-01-29,57.7984375,22.97,1.0773958333333333,0.025520833333333336,85.65625,97.74343750000001,42750.0
2018-01-30,54.51125,22.355729166666666,1.1248958333333332,0.024270833333333335,87.234375,97.57260416666666,42750.0
2018-01-31,63.97333333333333,24.07947916666667,1.144375,0.028958333333333336,88.40927083333334,97.68104166666666,42750.0
2018-02-01,41.1503125,16.45447916666667,3.063125,0.0,84.20729166666666,92.138125,42750.0
2018-02-02,42.17302083333333,14.406458333333333,1.2515625000000001,0.018645833333333334,89.06260416666667,97.55635416666667,42750.0
2018-02-03,28.094791666666666,6.4054166666666665,3.5130208333333335,0.012291666666666666,88.58031249999999,94.70937500000001,42750.0
2018-02-04,31.578333333333333,14.320416666666667,2.6765624999999997,0.013645833333333334,78.53229166666667,92.48395833333332,42750.0
2018-02-05,46.551562499999996,21.430833333333336,2.6410416666666667,0.020520833333333332,79.22447916666667,92.3740625,42750.0
2018-02-06,3.8278125000000003,2.7075,9.102604166666667,0.00010416666666666667,77.77583333333332,58.330937500000005,42750.0
2018-02-07,28.196354166666666,15.625520833333333,2.34625,0.012187499999999999,77.2265625,92.66958333333334,42750.0
2018-02-08,2.875,2.1784375,8.559479166666668,0.0,77.54260416666666,55.67072916666667,42750.0
2018-02-09,13.378124999999999,7.275208333333333,4.4487499999999995,0.005104166666666667,76.68270833333334,76.77510416666667,42750.0
2018-02-10,33.30979166666666,21.568645833333335,1.3319791666666665,0.014374999999999999,70.73604166666667,94.3565625,42750.0
2018-02-11,31.55666666666667,19.4221875,1.4821875,0.013854166666666667,72.22,94.28250000000001,42750.0
2018-02-12,3.8623958333333337,1.4402083333333333,8.9178125,0.0,89.42989583333333,57.839375,42750.0
2018-02-13,52.715833333333336,17.2071875,1.4590625,0.023645833333333335,87.63020833333333,97.6371875,42750.0
2018-02-14,6.908125000000001,3.593541666666667,10.519791666666666,0.0015624999999999999,87.50760416666667,56.17645833333333,42750.0
2018-02-15,3.4847916666666667,2.1371875,9.755625,0.0,81.78333333333333,56.02822916666667,42750.0
2018-02-16,3.4545833333333333,1.6126041666666666,9.956354166666666,0.0,85.49593750000001,56.287187499999995,42750.0
2018-02-17,3.5336458333333334,1.8536458333333332,9.570833333333333,0.0,83.5846875,57.05854166666666,42750.0
2018-02-18,3.5248958333333333,1.8714583333333332,9.499166666666666,0.0,83.3196875,57.2459375,42750.0
2018-02-19,44.53635416666666,19.161041666666666,1.0629166666666667,0.02020833333333333,80.97520833333333,97.12645833333333,42750.0
2018-02-20,60.97510416666666,22.156770833333336,1.1403125,0.027083333333333334,88.21145833333333,97.284375,42750.0
2018-02-21,56.826875,21.8190625,1.1541666666666666,0.024895833333333336,87.62510416666667,97.59979166666666,42750.0
2018-02-22,64.17916666666666,28.033645833333335,0.9584375,0.028645833333333332,86.74354166666666,97.71177083333333,42750.0
2018-02-23,48.3071875,23.268854166666667,1.2616666666666667,0.0215625,83.67114583333334,97.68416666666667,42750.0
2018-02-24,50.588750000000005,12.482708333333333,1.3958333333333333,0.022500000000000003,91.105,96.75677083333333,42750.0
2018-02-25,6.460625,3.370833333333333,9.529791666666666,0.0011458333333333333,86.94760416666666,59.4025,42750.0
2018-02-26,30.56177083333333,10.431666666666667,2.94875,0.013333333333333334,87.81395833333333,93.06802083333334,42750.0
2018-02-27,33.65677083333333,14.391145833333333,2.3697916666666665,0.013854166666666667,85.93875000000001,93.88447916666667,42750.0
2018-02-28,44.9878125,19.9303125,2.260625,0.019583333333333335,83.36114583333334,94.29364583333334,42750.0
2018-03-01,37.09427083333333,13.3915625,2.7665624999999996,0.0159375,86.10000000000001,92.61729166666667,42750.0
2018-03-02,28.282291666666666,7.422291666666666,1.7691666666666668,0.0134375,89.82510416666666,97.030625,42750.0
2018-03-03,16.215208333333333,4.06625,6.254895833333333,0.006666666666666667,87.11989583333333,79.10802083333333,42750.0
2018-03-04,42.39447916666666,20.9684375,2.5611458333333332,0.018541666666666668,79.2428125,92.80072916666667,42750.0
2018-03-05,44.224687499999995,21.00197916666667,2.6372916666666666,0.01947916666666667,81.73385416666666,92.73614583333334,42750.0
2018-03-06,3.0508333333333333,2.5116666666666667,8.927083333333334,0.0,76.74635416666666,55.69447916666667,42750.0
2018-03-07,35.668645833333336,16.800208333333334,1.6282291666666666,0.015520833333333333,76.98791666666666,95.33822916666666,42750.0
2018-03-08,2.9727083333333333,2.6205208333333334,8.258333333333333,0.0,75.33604166666667,56.396458333333335,42750.0
2018-03-09,27.076979166666664,14.552708333333333,1.8562500000000002,0.011562500000000002,74.68927083333334,92.98541666666667,42750.0
2018-03-10,21.1403125,14.854791666666666,3.937291666666667,0.008749999999999999,71.56708333333333,81.15697916666666,42750.0
2018-03-11,19.860104166666666,6.804166666666667,4.386458333333333,0.007395833333333333,79.3275,80.9440625,42750.0
2018-03-12,28.420104166666665,13.739895833333334,1.9019791666666668,0.012083333333333333,86.44979166666667,94.07968749999999,42750.0
2018-03-13,36.227916666666665,17.863645833333333,2.3861458333333334,0.015833333333333335,79.155,93.1659375,42750.0
2018-03-14,28.9453125,14.061770833333334,4.827708333333334,0.012083333333333333,79.638125,84.03791666666667,42750.0
2018-03-15,45.708333333333336,23.548437500000002,2.3128125,0.01989583333333333,76.30197916666667,93.13906250000001,42750.0
2018-03-16,43.969166666666666,19.666666666666668,2.5072916666666667,0.0190625,80.12958333333333,93.29895833333335,42750.0
2018-03-17,20.932916666666667,5.1559375,7.0796874999999995,0.008541666666666668,86.08458333333334,78.704375,42750.0
2018-03-18,3.1953125,1.4857291666666665,9.545416666666666,0.0,85.78947916666668,55.53125,42750.0
2018-03-19,32.782916666666665,15.185,2.7169791666666665,0.014270833333333332,81.38208333333334,92.79302083333333,42750.0
2018-03-20,29.708541666666665,12.775104166666667,2.6416666666666666,0.0134375,81.8015625,92.77083333333333,42750.0
2018-03-21,37.298125,14.341875,1.5473958333333335,0.016145833333333335,82.37520833333333,96.58322916666667,42750.0
2018-03-22,37.4371875,13.715312500000001,2.4890624999999997,0.016458333333333335,83.02677083333333,94.90270833333334,42750.0
2018-03-23,49.55531250000001,21.334374999999998,1.625,0.021875000000000002,80.77843750000001,95.9678125,42750.0
2018-03-24,13.618854166666667,3.5925,5.5471875,0.005625000000000001,84.02729166666667,79.44697916666667,42750.0
2018-03-25,12.982708333333333,2.73375,7.098958333333333,0.004583333333333333,85.33114583333334,78.92875,42750.0
2018-03-26,30.0871875,10.8209375,2.455208333333333,0.0128125,82.9715625,92.81895833333334,42750.0
2018-03-27,24.842812499999997,10.203229166666667,2.7178125000000004,0.010520833333333333,81.76520833333333,92.77458333333334,42750.0
2018-03-28,24.6671875,9.875416666666666,2.898229166666667,0.010520833333333333,82.83520833333334,91.859375,42750.0
2018-03-29,33.1775,16.01697916666667,2.170625,0.013854166666666667,79.59520833333333,93.6259375,42750.0
2018-03-30,25.774375000000003,14.5146875,4.958020833333333,0.010833333333333334,79.69291666666668,83.47208333333333,42750.0
2018-03-31,3.0134375,1.8038541666666668,9.384895833333333,0.0,81.70614583333334,55.141354166666666,42750.0
2018-04-01,51.85125,21.4490625,2.3392708333333334,0.022604166666666665,84.128125,93.42375,42750.0
2018-04-02,6.2941666666666665,3.469583333333333,10.862708333333332,0.0008333333333333334,87.20895833333333,58.36656249999999,42750.0
2018-04-03,3.333645833333333,1.840625,9.704270833333334,0.0,82.78395833333333,56.18979166666667,42750.0
2018-04-04,24.283854166666668,13.341770833333333,5.4480208333333335,0.0096875,80.63895833333333,82.52833333333334,42750.0
2018-04-05,25.536145833333336,13.946145833333333,5.180416666666667,0.010625,81.67770833333333,83.41572916666667,42750.0
2018-04-06,38.77072916666666,20.043020833333333,1.7985416666666667,0.017083333333333336,74.29864583333334,93.12322916666666,42750.0
2018-04-07,31.886666666666667,13.898541666666667,1.2142708333333332,0.0140625,80.9628125,95.61770833333333,42750.0
2018-04-08,2.8690625,2.5065625,8.844166666666666,0.0,75.94427083333333,54.935,42750.0
2018-04-09,42.92395833333333,22.413854166666667,1.5652083333333333,0.01947916666666667,72.67302083333333,93.47135416666667,42750.0
2018-04-10,30.922291666666666,21.419583333333335,1.4202083333333333,0.013333333333333334,69.37270833333334,94.52427083333333,42750.0
2018-04-11,24.985937500000002,8.7584375,3.342708333333333,0.010104166666666666,77.70395833333333,81.66322916666667,42750.0
2018-04-12,29.246666666666666,16.001770833333335,2.0722916666666666,0.012499999999999999,81.77979166666667,93.25895833333334,42750.0
2018-04-13,26.22520833333333,10.274062500000001,2.6278125,0.010937500000000001,80.99010416666667,92.88104166666666,42750.0
2018-04-14,13.5540625,3.122083333333333,6.0571875,0.006145833333333333,84.10989583333334,78.51583333333333,42750.0
2018-04-15,3.3288541666666664,1.7352083333333332,9.636041666666667,0.0,83.8540625,55.84739583333334,42750.0
2018-04-16,30.32239583333333,15.108958333333334,2.559791666666667,0.013125,81.4071875,92.48135416666666,42750.0
2018-04-17,42.96114583333334,18.610833333333336,2.398229166666667,0.018958333333333334,81.95083333333334,93.21468750000001,42750.0
2018-04-18,32.02645833333333,15.555729166666666,5.269895833333334,0.013541666666666667,84.61072916666667,83.17604166666666,42750.0
2018-04-19,28.799895833333334,14.258645833333333,2.4406250000000003,0.012395833333333333,81.5165625,92.42677083333332,42750.0
2018-04-20,35.000416666666666,16.7221875,3.4540625000000005,0.014791666666666667,81.75114583333333,90.48031250000001,42750.0
2018-04-21,18.881875,5.3769791666666675,5.653229166666667,0.007916666666666667,84.44458333333334,79.58791666666666,42750.0
2018-04-22,12.6628125,3.4532291666666666,5.1015625,0.004895833333333334,82.00625000000001,79.83572916666667,42750.0
2018-04-23,28.64635416666667,12.109791666666666,2.5639583333333333,0.012187499999999999,81.39979166666667,92.64875,42750.0
2018-04-24,30.068020833333335,12.491458333333334,2.5784375,0.013229166666666667,82.11864583333333,92.7084375,42750.0
2018-04-25,36.099895833333335,17.06625,2.441666666666667,0.015833333333333335,82.29677083333333,92.64468749999999,42750.0
2018-04-26,42.939479166666665,21.50916666666667,2.1861458333333332,0.018645833333333334,80.51625,93.27989583333334,42750.0
2018-04-27,37.960520833333334,16.648125,2.6149999999999998,0.016458333333333335,83.48125,92.97229166666666,42750.0
2018-04-28,17.214479166666667,3.3558333333333334,7.495312500000001,0.006666666666666667,85.8803125,76.67125,42750.0
2018-04-29,3.0276041666666664,1.6766666666666667,9.045,0.0,82.04822916666667,56.236041666666665,42750.0
2018-04-30,25.070729166666666,14.079583333333334,4.9196875,0.0103125,78.70083333333334,83.3146875,42750.0
2018-05-01,48.78541666666666,20.422916666666666,2.689166666666667,0.02125,84.06302083333334,92.8628125,42750.0
2018-05-02,52.38218749999999,17.758854166666666,1.17125,0.023333333333333334,86.9209375,97.57968749999999,42750.0
2018-05-03,38.55833333333333,15.793541666666668,2.3575,0.0165625,82.0209375,94.07916666666667,42750.0
2018-05-04,28.553020833333335,11.617083333333333,2.5077083333333334,0.012395833333333333,81.71135416666667,93.25291666666668,42750.0
2018-05-05,3.2025,1.7902083333333334,9.381458333333333,0.0,82.73708333333333,55.91833333333333,42750.0
2018-05-06,42.499375,22.40427083333333,2.048645833333333,0.018645833333333334,75.39760416666667,93.0615625,42750.0
2018-05-07,36.692083333333336,18.141041666666666,2.3594791666666666,0.01625,77.66927083333333,92.70916666666666,42750.0
2018-05-08,3.0004166666666667,2.4419791666666666,8.1565625,0.0,76.28114583333333,56.8871875,42750.0
2018-05-09,31.2325,19.122916666666665,1.4234375000000001,0.013020833333333334,71.48822916666667,94.348125,42750.0
2018-05-10,26.154375,15.4975,1.5030208333333333,0.011041666666666667,72.71697916666666,93.8309375,42750.0
2018-05-11,34.7559375,21.61791666666667,0.7556250000000001,0.015208333333333332,74.46083333333333,97.3540625,42750.0
2018-05-12,25.902395833333333,11.9325,4.020520833333333,0.010625,88.03250000000001,86.003125,42750.0
2018-05-13,3.1361458333333334,1.9411458333333333,9.051145833333333,0.0,80.83041666666666,56.23083333333333,42750.0
2018-05-14,29.703541666666666,17.1125,2.25875,0.012916666666666667,76.68239583333333,92.88833333333334,42750.0
2018-05-15,38.132083333333334,19.718854166666667,2.3177083333333335,0.0165625,78.170625,92.98739583333334,42750.0
2018-05-16,40.76125,17.85125,2.28875,0.017708333333333333,78.6709375,93.38447916666667,42750.0
2018-05-17,46.420625,23.594270833333336,2.0151041666666667,0.020520833333333332,76.90781249999999,93.40520833333333,42750.0
2018-05-18,31.625416666666666,18.379166666666666,1.6754166666666668,0.01375,75.5246875,93.070625,42750.0
2018-05-19,17.081875,8.0684375,5.898229166666667,0.006979166666666667,77.9565625,79.07614583333334,42750.0
2018-05-20,6.9679166666666665,3.0231250000000003,7.513229166666666,0.0022916666666666667,78.60072916666667,71.52802083333333,42750.0
2018-05-21,28.036458333333332,14.917916666666665,2.3334375,0.012187499999999999,77.28083333333333,92.66833333333334,42750.0
2018-05-22,22.46885416666667,5.3421875000000005,4.919375,0.009270833333333334,81.58427083333333,82.45427083333333,42750.0
2018-05-23,43.46875,20.716874999999998,2.264375,0.01947916666666667,77.61177083333332,92.65552083333334,42750.0
2018-05-24,44.79739583333333,19.860937500000002,1.6185416666666665,0.02,78.36302083333334,94.5615625,42750.0
2018-05-25,26.547708333333333,14.4378125,2.6060416666666666,0.011250000000000001,79.62989583333334,92.06208333333332,42750.0
2018-05-26,13.350833333333334,4.593854166666667,5.813958333333333,0.005833333333333334,79.10677083333333,78.57979166666667,42750.0
2018-05-27,3.0288541666666666,2.1853124999999998,8.465104166666666,0.0,78.19354166666666,56.550000000000004,42750.0
2018-05-28,28.636979166666666,15.1109375,2.0439583333333333,0.012395833333333333,74.87458333333333,92.69614583333333,42750.0
2018-05-29,24.213541666666668,10.6134375,2.8125,0.010208333333333333,77.9115625,90.8525,42750.0
2018-05-30,39.0134375,16.96739583333333,2.1576041666666668,0.016979166666666667,76.72854166666666,93.05947916666666,42750.0
2018-05-31,28.610937500000002,14.944791666666667,4.545520833333334,0.012083333333333333,75.58697916666667,83.5490625,42750.0
2018-06-01,3.885,2.185729166666667,10.727083333333333,0.0,84.00864583333333,55.6675,42750.0
2018-06-02,49.387708333333336,18.605208333333334,1.4501041666666667,0.0221875,89.24489583333333,97.586875,42750.0
2018-06-03,38.98458333333333,17.1996875,1.8495833333333334,0.016874999999999998,84.48635416666666,96.03697916666665,42750.0
2018-06-04,43.403645833333336,15.296145833333334,1.7934374999999998,0.018958333333333334,79.91875,95.251875,42750.0
2018-06-05,3.1717708333333334,1.8139583333333331,9.053854166666666,0.0,82.09364583333333,56.264375,42750.0
2018-06-06,31.68885416666667,17.507395833333334,3.9470833333333335,0.013645833333333334,76.01375,83.88208333333334,42750.0
2018-06-07,47.36770833333333,22.586145833333333,1.6688541666666667,0.0209375,76.94541666666667,93.82729166666667,42750.0
2018-06-08,37.2390625,17.734375,1.9988541666666666,0.016145833333333335,75.74260416666667,93.55541666666666,42750.0
2018-06-09,29.0334375,19.09572916666667,1.3369791666666666,0.0128125,70.189375,94.39604166666668,42750.0
2018-06-10,32.51375,17.901458333333334,1.0651041666666667,0.014270833333333335,71.69510416666667,96.024375,42750.0
2018-06-11,29.052395833333335,18.051979166666666,1.6819791666666666,0.011979166666666666,72.33354166666668,93.52739583333333,42750.0
2018-06-12,29.079895833333335,13.241770833333334,2.048125,0.012083333333333333,85.85822916666666,93.67447916666667,42750.0
2018-06-13,14.5103125,7.176666666666667,7.800104166666666,0.005208333333333333,79.3840625,67.9971875,42750.0
2018-06-14,31.33322916666667,15.363124999999998,2.7507291666666664,0.01375,78.00812499999999,91.125625,42750.0
2018-06-15,33.349062499999995,17.022395833333334,1.8880208333333333,0.014374999999999999,74.89791666666666,93.68239583333333,42750.0
2018-06-16,6.951354166666667,3.2023958333333336,8.3059375,0.0015624999999999999,78.45041666666667,67.58739583333333,42750.0
2018-06-17,2.9761458333333337,1.8256249999999998,8.951979166666666,0.0,81.04510416666666,55.48520833333333,42750.0
2018-06-18,33.51927083333333,13.814479166666667,2.5061458333333335,0.014270833333333335,79.83791666666666,92.27395833333333,42750.0
2018-06-19,26.46229166666667,11.428125,2.2367708333333334,0.011250000000000001,77.41958333333334,92.91541666666666,42750.0
2018-06-20,35.60583333333333,19.039791666666666,2.400729166666667,0.015416666666666667,75.1321875,92.23458333333333,42750.0
2018-06-21,24.0984375,12.246770833333334,2.177604166666667,0.010208333333333333,76.3040625,92.66302083333333,42750.0
2018-06-22,26.567395833333332,16.029479166666665,2.1595833333333334,0.011562500000000002,73.62302083333334,92.57604166666665,42750.0
2018-06-23,13.641354166666666,5.25125,5.552499999999999,0.005208333333333333,80.39833333333333,78.74666666666667,42750.0
2018-06-24,8.693125,2.3863541666666666,7.260833333333333,0.0026041666666666665,82.4890625,73.168125,42750.0
2018-06-25,32.8090625,15.286041666666668,2.714375,0.014375,78.34270833333333,91.85052083333333,42750.0
2018-06-26,25.68739583333333,12.0240625,2.5141666666666667,0.011250000000000001,79.15489583333333,92.42072916666666,42750.0
2018-06-27,22.046458333333334,11.789270833333333,4.581666666666667,0.009583333333333334,78.48145833333334,83.3928125,42750.0
2018-06-28,25.162916666666664,11.5009375,2.3392708333333334,0.010729166666666666,78.29,92.72447916666665,42750.0
2018-06-29,23.880625,11.3571875,2.0930208333333336,0.01,77.99729166666667,93.10166666666667,42750.0
2018-06-30,15.190729166666666,6.559583333333333,4.931145833333333,0.005833333333333334,78.98625,78.968125,42750.0
2018-07-01,3.6345833333333335,1.679375,9.863125,0.0,85.71739583333334,56.790416666666665,42750.0
2018-07-02,38.3028125,15.1975,1.4936458333333331,0.016979166666666667,87.04312499999999,97.48666666666666,42750.0
2018-07-03,36.4346875,14.176875,5.288645833333333,0.015729166666666666,85.73166666666667,84.32177083333333,42750.0
2018-07-04,26.562812500000003,7.608750000000001,5.748125000000001,0.010833333333333334,81.11208333333333,79.31166666666667,42750.0
2018-07-05,50.71510416666666,22.4446875,2.168645833333333,0.022291666666666668,80.10229166666666,93.11697916666667,42750.0
2018-07-06,32.28635416666667,17.649583333333332,2.3558333333333334,0.0140625,74.35697916666668,92.40895833333333,42750.0
2018-07-07,26.98125,11.752708333333333,5.218541666666667,0.011562500000000002,77.98395833333333,79.1975,42750.0
2018-07-08,36.022395833333334,18.216874999999998,1.4154166666666665,0.015416666666666667,76.1040625,95.38062500000001,42750.0
2018-07-09,43.59072916666667,20.348020833333333,1.3259375,0.01885416666666667,74.66989583333334,94.41031249999999,42750.0
2018-07-10,2.7523958333333334,2.1497916666666668,6.910416666666666,0.0,76.76541666666667,57.33385416666667,42750.0
2018-07-11,27.503125,15.956979166666668,1.5520833333333333,0.011562500000000002,74.41645833333332,92.5365625,42750.0
2018-07-12,27.838645833333334,9.02625,1.9121875,0.011562500000000002,85.40760416666666,95.005,42750.0
2018-07-13,27.335729166666667,12.652812500000001,1.9870833333333333,0.011979166666666666,76.02385416666667,93.55614583333333,42750.0
2018-07-14,18.237291666666668,6.563958333333333,4.171770833333333,0.008020833333333333,81.21864583333333,79.8171875,42750.0
2018-07-15,36.770208333333336,15.573645833333332,3.4048958333333332,0.016041666666666666,86.42416666666666,82.5384375,42750.0
2018-07-16,32.782604166666665,17.959374999999998,2.5749999999999997,0.0140625,84.58583333333333,84.72010416666667,42750.0
2018-07-17,33.9921875,17.256041666666665,2.450416666666667,0.014895833333333332,82.93447916666666,85.27520833333334,42750.0
2018-07-18,23.597708333333333,14.078125,4.436770833333333,0.009583333333333334,85.7028125,74.8478125,42750.0
2018-07-19,39.01083333333333,19.490104166666665,1.5665625,0.016875,84.66,89.64979166666666,42750.0
2018-07-20,31.675833333333333,18.524375,2.4261458333333334,0.01375,82.74260416666667,84.9209375,42750.0
2018-07-21,15.0384375,7.3725,5.558333333333334,0.005833333333333334,86.76937500000001,70.3528125,42750.0
2018-07-22,2.967916666666667,1.2422916666666668,7.719895833333333,0.0,87.17927083333332,51.653333333333336,42750.0
2018-07-23,32.94552083333333,18.4134375,2.455208333333333,0.014583333333333332,83.86135416666666,84.59260416666667,42750.0
2018-07-24,35.45291666666667,19.052291666666665,2.09625,0.015833333333333335,81.5928125,88.5071875,42750.0
2018-07-25,32.79958333333334,14.6696875,2.5598958333333335,0.014166666666666668,79.00270833333333,92.0503125,42750.0
2018-07-26,27.766458333333333,11.791875,2.184791666666667,0.012083333333333333,79.50625000000001,92.84260416666666,42750.0
2018-07-27,25.83583333333333,11.781770833333333,2.0265625000000003,0.010937500000000001,75.00572916666667,92.83760416666667,42750.0
2018-07-28,17.366041666666668,8.561770833333334,4.490208333333333,0.006979166666666667,77.96083333333333,79.9971875,42750.0
2018-07-29,12.2809375,3.9019791666666666,4.317083333333334,0.005208333333333333,79.09697916666667,78.98,42750.0
2018-07-30,31.978020833333332,16.769583333333333,2.1540624999999998,0.01375,74.41208333333334,92.75562500000001,42750.0
2018-07-31,21.971666666666668,10.014270833333333,4.9353125,0.009166666666666667,80.50375,79.68010416666667,42750.0
2018-08-01,55.40114583333334,24.49875,2.4686458333333334,0.024270833333333335,80.50916666666667,93.530625,42750.0
2018-08-02,51.06302083333333,21.158125000000002,1.1669791666666667,0.02291666666666667,84.98156250000001,97.8184375,42750.0
2018-08-03,34.98739583333333,14.4246875,2.4343749999999997,0.015416666666666667,87.57916666666667,93.63583333333334,42750.0
2018-08-04,21.538020833333334,6.77875,7.642083333333333,0.008645833333333333,81.53291666666667,76.7115625,42750.0
2018-08-05,35.45760416666666,18.284166666666668,2.5254166666666666,0.015208333333333332,80.7375,92.74666666666667,42750.0
2018-08-06,24.5078125,13.31875,2.1377083333333333,0.010104166666666666,74.23166666666667,92.20156250000001,42750.0
2018-08-07,25.641770833333336,10.6946875,5.285,0.010729166666666666,81.0284375,78.4934375,42750.0
2018-08-08,37.26833333333334,19.914375,1.675,0.015833333333333335,74.095,93.75489583333332,42750.0
2018-08-09,14.399687499999999,7.0271875,3.442604166666667,0.005937500000000001,76.78697916666667,81.27135416666667,42750.0
2018-08-10,42.26510416666667,24.463229166666665,1.2760416666666667,0.0184375,70.99625,94.47083333333335,42750.0
2018-08-11,32.372708333333335,18.478020833333336,1.1455208333333333,0.01375,73.8246875,95.56010416666668,42750.0
2018-08-12,16.39229166666667,4.918333333333333,5.2726041666666665,0.0060416666666666665,88.06677083333334,81.09385416666667,42750.0
2018-08-13,46.1759375,24.293020833333333,1.1511458333333333,0.020520833333333332,73.13270833333333,95.5109375,42750.0
2018-08-14,42.278749999999995,20.844583333333333,1.5575,0.018020833333333333,73.89874999999999,94.78541666666666,42750.0
2018-08-15,28.686458333333334,13.91375,3.880520833333333,0.012499999999999999,77.34572916666666,81.37885416666667,42750.0
2018-08-16,31.011666666666667,18.242083333333333,1.4259374999999999,0.01375,73.01718749999999,93.6571875,42750.0
2018-08-17,30.90875,19.562708333333333,1.38375,0.013333333333333334,71.64375,94.09781249999999,42750.0
2018-08-18,23.720520833333335,12.917083333333332,3.6804166666666664,0.0096875,78.38458333333334,80.71520833333334,42750.0
2018-08-19,2.9916666666666667,2.0690625,7.152604166666666,0.0,78.165,59.094166666666666,42750.0
2018-08-20,35.393854166666664,22.198854166666667,1.5842708333333333,0.015625,72.87041666666667,93.883125,42750.0
2018-08-21,26.983541666666667,16.7003125,1.5892708333333332,0.011874999999999998,73.29302083333333,93.45708333333333,42750.0
2018-08-22,21.62572916666667,12.7121875,2.9222916666666667,0.009270833333333334,76.19197916666667,84.19520833333333,42750.0
2018-08-23,27.656666666666666,15.399270833333333,1.0645833333333334,0.011666666666666667,74.26510416666666,96.4159375,42750.0
2018-08-24,27.346666666666668,16.380625,1.3067708333333334,0.011979166666666666,73.04729166666667,93.95625,42750.0
2018-08-25,3.7044791666666668,2.223125,7.926770833333333,0.0,78.45083333333334,61.21760416666667,42750.0
2018-08-26,3.9284375,2.2285416666666666,7.972083333333334,0.0,78.74249999999999,62.251875000000005,42750.0
2018-08-27,22.2571875,13.741979166666667,2.4644791666666666,0.009166666666666667,75.20541666666666,87.22322916666667,42750.0
2018-08-28,24.708645833333335,14.026145833333333,1.4178125000000001,0.010520833333333333,75.54489583333334,93.655625,42750.0
2018-08-29,25.28135416666667,15.371249999999998,1.516875,0.011145833333333334,74.35510416666666,93.85718750000001,42750.0
2018-08-30,25.690625,15.27125,1.4894791666666667,0.011145833333333334,73.311875,93.8446875,42750.0
2018-08-31,27.029583333333335,15.696562499999999,1.5973958333333333,0.011770833333333335,73.17812500000001,93.8328125,42750.0
2018-09-01,57.170520833333335,22.60354166666667,2.4383333333333335,0.025729166666666668,86.39635416666665,93.79520833333333,42750.0
2018-09-02,52.81635416666666,21.77125,1.141875,0.023645833333333335,86.89666666666666,97.3915625,42750.0
2018-09-03,23.586145833333333,8.811145833333333,5.632291666666667,0.009270833333333334,88.89135416666666,82.88145833333333,42750.0
2018-09-04,40.604687500000004,19.711354166666666,1.3455208333333335,0.017499999999999998,80.21927083333334,96.98947916666667,42750.0
2018-09-05,29.218333333333334,15.786354166666667,2.6233333333333335,0.012916666666666667,79.61458333333333,92.55708333333332,42750.0
2018-09-06,3.0498958333333337,2.356145833333333,8.601458333333333,0.0,77.42604166666666,56.40802083333333,42750.0
2018-09-07,27.234583333333333,13.235520833333332,2.1083333333333334,0.011458333333333334,79.64010416666666,93.36208333333333,42750.0
2018-09-08,35.83447916666667,19.528125,1.7216666666666667,0.015208333333333332,74.51322916666666,94.07802083333333,42750.0
2018-09-09,7.08875,3.0870833333333336,4.613229166666667,0.0017708333333333335,75.859375,76.595,42750.0
2018-09-10,26.781354166666663,16.573854166666667,3.4716666666666662,0.011145833333333334,73.9128125,84.42302083333333,42750.0
2018-09-11,32.4921875,18.491041666666668,1.4497916666666668,0.014166666666666668,75.77354166666667,94.79635416666667,42750.0
2018-09-12,3.5414583333333334,1.1889583333333333,9.089895833333333,0.0,90.72979166666666,56.7184375,42750.0
2018-09-13,33.41416666666667,20.8715625,1.2602083333333334,0.014479166666666666,72.60916666666667,94.55739583333333,42750.0
2018-09-14,25.223645833333336,16.193125,2.1090625,0.010833333333333334,75.1315625,89.82,42750.0
2018-09-15,14.150104166666667,6.8445833333333335,3.7439583333333335,0.006145833333333333,75.38416666666667,80.4653125,42750.0
2018-09-16,2.883645833333333,2.3375,6.618229166666667,0.0,76.43322916666666,58.20645833333333,42750.0
2018-09-17,34.47947916666667,20.924166666666668,1.3497916666666665,0.014895833333333332,70.88885416666666,94.20270833333332,42750.0
2018-09-18,27.578958333333333,16.7375,0.9664583333333333,0.011874999999999998,71.75666666666667,95.97541666666666,42750.0
2018-09-19,18.270416666666666,9.512604166666668,3.3319791666666667,0.0077083333333333335,74.87052083333333,84.395625,42750.0
2018-09-20,25.597916666666666,15.331562499999999,1.2470833333333333,0.011041666666666667,72.4565625,94.78291666666667,42750.0
2018-09-21,11.334479166666666,5.4859374999999995,5.3721875,0.003958333333333334,77.41072916666667,74.1575,42750.0
2018-09-22,2.8951041666666666,2.324479166666667,6.027083333333334,0.0,76.20989583333333,60.03968750000001,42750.0
2018-09-23,2.785833333333333,2.428854166666667,6.180312499999999,0.0,75.28302083333334,58.655,42750.0
2018-09-24,2.834270833333333,2.5723958333333337,6.0540625,0.0,74.41645833333332,59.48885416666667,42750.0
2018-09-25,2.7555208333333336,2.5528125,6.765000000000001,0.0,74.58614583333333,57.25697916666667,42750.0
2018-09-26,2.7027083333333333,2.46375,6.753541666666667,0.0,74.88552083333333,56.938229166666666,42750.0
2018-09-27,29.27333333333333,17.2778125,1.3335416666666668,0.012708333333333334,71.48052083333333,94.085,42750.0
2018-09-28,23.857916666666668,14.81125,1.4830208333333335,0.010416666666666666,71.8315625,93.5190625,42750.0
2018-09-29,15.21875,7.5097916666666675,4.003958333333333,0.0060416666666666665,76.69708333333334,80.02020833333333,42750.0
2018-09-30,2.763125,2.134375,6.821979166666666,0.0,77.275625,57.3278125,42750.0
2018-10-01,46.30406249999999,18.526875,5.091354166666666,0.020416666666666666,85.71072916666667,85.01177083333333,42750.0
2018-10-02,8.3459375,3.9896875,12.442187500000001,0.0015624999999999999,89.89166666666667,56.47,42750.0
2018-10-03,9.806354166666667,1.5268750000000002,9.300520833333334,0.0026041666666666665,88.49374999999999,74.30229166666668,42750.0
2018-10-04,29.838229166666665,14.520520833333334,2.6948958333333333,0.0128125,82.03614583333334,92.14958333333334,42750.0
2018-10-05,30.623854166666664,17.269791666666666,2.3526041666666666,0.013125,80.60906250000001,92.73364583333334,42750.0
2018-10-06,3.06625,2.2312499999999997,8.408541666666666,0.0,77.9034375,57.0190625,42750.0
2018-10-07,35.446666666666665,17.75614583333333,2.2045833333333333,0.015625,77.50854166666666,92.81031250000001,42750.0
2018-10-08,42.164791666666666,20.881875,1.6201041666666667,0.018645833333333334,75.5678125,93.75239583333332,42750.0
2018-10-09,31.02479166666667,16.218541666666667,3.3528125,0.013854166666666667,73.341875,84.715,42750.0
2018-10-10,43.752916666666664,21.420312499999998,0.9980208333333334,0.019583333333333335,74.27374999999999,96.05333333333334,42750.0
2018-10-11,18.864583333333332,10.12875,4.415208333333333,0.007291666666666666,76.45875,80.51760416666666,42750.0
2018-10-12,25.788124999999997,11.595416666666667,4.222395833333334,0.010833333333333334,87.77020833333334,85.26375,42750.0
2018-10-13,18.081666666666667,9.683645833333333,4.435,0.007291666666666668,76.42510416666667,80.01979166666666,42750.0
2018-10-14,3.005104166666667,2.2393750000000003,6.579375,0.0,77.5503125,59.09822916666667,42750.0
2018-10-15,46.15875,24.280416666666667,1.4510416666666666,0.020416666666666666,72.916875,94.22083333333335,42750.0
2018-10-16,34.713541666666664,23.41604166666667,1.4469791666666667,0.015208333333333332,69.76833333333333,94.54562499999999,42750.0
2018-10-17,31.887604166666666,19.142187500000002,1.6992708333333333,0.013333333333333334,72.79645833333333,93.42239583333333,42750.0
2018-10-18,31.209166666666665,19.573020833333334,1.0736458333333334,0.013229166666666667,73.32666666666667,96.1165625,42750.0
2018-10-19,39.70875,25.189999999999998,0.7047916666666666,0.017291666666666667,73.29947916666667,97.11552083333333,42750.0
2018-10-20,26.79614583333333,14.293958333333334,3.4936458333333333,0.011145833333333334,76.3159375,85.56104166666667,42750.0
2018-10-21,3.7767708333333334,2.256041666666667,6.514375,0.0003125,77.97364583333334,61.848749999999995,42750.0
2018-10-22,32.38635416666667,18.531041666666667,1.438125,0.01375,72.81197916666666,93.99864583333334,42750.0
2018-10-23,38.65479166666667,24.425416666666667,0.52625,0.016770833333333336,73.7353125,97.78020833333333,42750.0
2018-10-24,25.128020833333334,15.168333333333335,3.4827083333333335,0.010520833333333333,74.03760416666667,84.99333333333333,42750.0
2018-10-25,31.307395833333334,18.881354166666664,1.5023958333333332,0.013541666666666667,72.4475,94.2325,42750.0
2018-10-26,33.40052083333333,19.003645833333334,1.4388541666666665,0.014374999999999999,74.72885416666666,94.11364583333334,42750.0
2018-10-27,16.412812499999998,9.075520833333334,4.2707291666666665,0.006145833333333333,74.75666666666667,80.68197916666666,42750.0
2018-10-28,3.0517708333333338,2.4092708333333333,6.2803125,0.0,76.66447916666667,59.823229166666664,42750.0
2018-10-29,40.8140625,18.64260416666667,1.4853125,0.0178125,74.7559375,94.6215625,42750.0
2018-10-30,31.49791666666667,17.487083333333334,1.5963541666666667,0.013645833333333334,75.57979166666667,93.75895833333334,42750.0
2018-10-31,41.46697916666667,21.994895833333334,1.5661458333333333,0.017604166666666667,76.43802083333334,94.25145833333333,42750.0
2018-11-01,55.36052083333333,23.9409375,2.3048958333333336,0.024166666666666666,84.50604166666666,94.36416666666666,42750.0
2018-11-02,4.31,1.8385416666666667,11.020416666666668,0.0,86.97072916666667,57.83229166666666,42750.0
2018-11-03,19.06052083333333,3.37875,1.9252083333333332,0.006458333333333333,87.01395833333333,99.25937499999999,42750.0
2018-11-04,33.6709375,17.774479166666666,2.5640625,0.014791666666666667,77.72666666666667,92.63291666666667,42750.0
2018-11-05,28.043229166666666,13.2003125,2.7534375,0.012395833333333333,81.05489583333333,91.856875,42750.0
2018-11-06,37.490520833333335,20.4659375,1.7858333333333334,0.016041666666666666,74.18385416666666,93.25239583333332,42750.0
2018-11-07,26.04697916666667,11.413333333333334,2.529166666666667,0.011354166666666667,79.85947916666667,91.9384375,42750.0
2018-11-08,30.784895833333334,13.795520833333335,3.924583333333333,0.013020833333333334,76.15427083333334,80.37302083333334,42750.0
2018-11-09,39.405625,23.086145833333333,1.4643750000000002,0.017604166666666667,71.71635416666668,94.29197916666668,42750.0
2018-11-10,41.17104166666667,22.803854166666667,1.3172916666666665,0.018020833333333333,72.54479166666667,95.03979166666666,42750.0
2018-11-11,3.0354166666666664,1.9733333333333334,7.414583333333333,0.0,80.38677083333333,57.41104166666667,42750.0
2018-11-12,33.354687500000004,16.306979166666668,1.9040625,0.013645833333333334,85.86541666666666,94.14770833333334,42750.0
2018-11-13,49.23791666666667,23.35875,0.03302083333333333,0.0215625,78.72604166666666,99.99916666666667,42750.0
2018-11-14,34.02760416666667,19.197187500000002,3.5925,0.014166666666666668,78.33833333333332,86.15062499999999,42750.0
2018-11-15,38.38885416666667,18.796041666666667,1.4153125,0.016770833333333336,78.23510416666666,94.48593749999999,42750.0
2018-11-16,34.2003125,19.581770833333334,1.4441666666666666,0.014895833333333332,74.04010416666667,94.3803125,42750.0
2018-11-17,35.431875,16.997291666666666,4.0165625,0.015208333333333332,77.9478125,82.0503125,42750.0
2018-11-18,14.924270833333333,5.387604166666667,4.061145833333334,0.006354166666666667,78.71510416666666,80.62291666666667,42750.0
2018-11-19,29.296875,14.6709375,1.9713541666666667,0.012916666666666667,78.27052083333334,93.92166666666667,42750.0
2018-11-20,22.290625000000002,9.181666666666667,4.513020833333333,0.008749999999999999,88.16708333333334,85.17854166666667,42750.0
2018-11-21,44.71729166666666,17.799583333333334,1.7809375,0.01947916666666667,88.9928125,94.56635416666667,42750.0
2018-11-22,44.5940625,21.190416666666668,1.8630208333333333,0.01947916666666667,85.489375,94.32510416666666,42750.0
2018-11-23,38.388958333333335,19.559166666666666,1.8703124999999998,0.016666666666666666,88.06947916666667,94.6240625,42750.0
2018-11-24,3.7446875,1.3108333333333333,9.6315625,0.0,89.23614583333334,57.0315625,42750.0
2018-11-25,3.1420833333333333,1.1996875,8.9165625,0.0,88.76937500000001,55.526562500000004,42750.0
2018-11-26,36.473333333333336,18.422395833333333,1.8448958333333332,0.015833333333333335,84.00416666666666,94.46854166666667,42750.0
2018-11-27,44.447187500000005,19.293125,1.3378125,0.0196875,87.76322916666668,96.86645833333334,42750.0
2018-11-28,39.929375,19.079270833333332,1.9968750000000002,0.0171875,88.0578125,93.73791666666666,42750.0
2018-11-29,33.333333333333336,13.765208333333334,1.9135416666666665,0.014791666666666667,82.92156250000001,94.08760416666667,42750.0
2018-11-30,27.728125000000002,11.678958333333334,2.1621875,0.011354166666666667,84.73239583333334,93.26406250000001,42750.0
2018-12-01,54.23104166666667,23.496458333333333,2.5016666666666665,0.02416666666666667,84.19604166666666,94.06958333333334,42750.0
2018-12-02,41.343125,15.664583333333333,2.3850000000000002,0.01885416666666667,86.7109375,97.096875,42750.0
2018-12-03,35.30458333333333,11.931875,1.4366666666666668,0.015104166666666667,82.50229166666666,96.37270833333334,42750.0
2018-12-04,30.281562500000003,15.027500000000002,2.6035416666666666,0.013541666666666667,78.18645833333333,92.97729166666666,42750.0
2018-12-05,7.675833333333333,2.0229166666666667,9.959583333333333,0.0020833333333333333,82.79291666666667,69.62541666666667,42750.0
2018-12-06,37.21989583333333,16.565833333333334,2.060208333333333,0.016458333333333335,76.83562500000001,93.48270833333333,42750.0
2018-12-07,26.8084375,14.027083333333332,3.343541666666667,0.011354166666666667,76.81427083333334,89.18770833333333,42750.0
2018-12-08,2.9572916666666664,2.326041666666667,7.464270833333334,0.0,76.68572916666666,57.669999999999995,42750.0
2018-12-09,31.308333333333334,19.744583333333335,1.5664583333333333,0.013854166666666667,72.17218749999999,93.61510416666665,42750.0
2018-12-10,28.795625,18.60802083333333,1.5373958333333333,0.012083333333333333,72.06635416666667,93.6346875,42750.0
2018-12-11,39.45885416666667,19.790937500000002,1.5365624999999998,0.017395833333333333,78.3196875,94.22500000000001,42750.0
2018-12-12,34.12520833333333,14.718958333333333,1.266875,0.014791666666666667,87.32604166666665,97.12604166666667,42750.0
2018-12-13,34.45260416666667,13.6703125,1.6544791666666667,0.015208333333333332,89.83697916666667,95.66083333333334,42750.0
2018-12-14,43.017291666666665,18.628229166666667,2.4997916666666664,0.018125,88.78270833333333,94.44416666666666,42750.0
2018-12-15,3.7616666666666667,1.47,9.467395833333333,0.0,89.50770833333333,56.3009375,42750.0
2018-12-16,20.98604166666667,9.138229166666667,5.462916666666666,0.008437499999999999,87.99072916666667,80.70541666666666,42750.0
2018-12-17,23.011666666666667,9.2059375,4.3966666666666665,0.009375,88.06885416666667,85.38177083333333,42750.0
2018-12-18,32.0725,14.4775,4.490520833333334,0.013541666666666667,88.48822916666667,84.55895833333334,42750.0
2018-12-19,36.00989583333333,16.2790625,4.582395833333334,0.0153125,88.79239583333333,84.82354166666667,42750.0
2018-12-20,26.16979166666667,11.982708333333333,4.5330208333333335,0.011145833333333334,89.47291666666666,84.4646875,42750.0
2018-12-21,23.934375000000003,10.085104166666666,4.570729166666667,0.0096875,89.12989583333332,84.52145833333334,42750.0
2018-12-22,3.7930208333333333,1.204375,9.007083333333332,0.0,91.286875,57.805,42750.0
2018-12-23,3.8378125,1.3203125,8.8353125,0.0,90.48010416666666,57.965,42750.0
2018-12-24,20.211041666666667,6.830000000000001,5.168020833333333,0.008020833333333333,90.36156249999999,81.95541666666666,42750.0
2018-12-25,3.6510416666666665,1.2311458333333334,9.029895833333333,0.0,90.73281250000001,57.175000000000004,42750.0
2018-12-26,20.90458333333333,8.0446875,5.0190624999999995,0.008749999999999999,88.93770833333333,82.36364583333334,42750.0
2018-12-27,27.2278125,9.29125,2.4403125,0.011145833333333334,89.655625,93.45666666666666,42750.0
2018-12-28,19.151875,6.2448958333333335,5.9990625,0.0075,91.9315625,81.06083333333333,42750.0
2018-12-29,3.9314583333333335,1.2504166666666667,9.224375,0.00010416666666666667,90.27541666666667,57.79927083333333,42750.0
2018-12-30,3.533333333333333,1.2575,8.996875000000001,0.0,89.84520833333333,56.8140625,42750.0
2018-12-31,3.532083333333333,1.191875,8.802604166666667,0.0,90.80822916666666,57.03916666666667,42750.0
